client_id,name,email,phone,advisor_id
1,Edwin Allen,debra88@example.net,287.866.5341x6494,1
2,Ashley Flores,tonyagarcia@example.com,695-821-9524x25541,1
3,Natalie Jackson,tharrington@example.org,934-670-3577x4262,1
4,Mark Wade,bhiggins@example.com,632.774.9401,1
5,Wendy Kelly,anthonyking@example.org,+1-551-708-2277x5805,1
6,Laura Duncan,alan47@example.org,813.755.1471x6746,2
7,Richard Knight,christopherreynolds@example.net,608.985.2001x55741,2
8,Martin Cox,amandathomas@example.org,870-707-7986x970,2
9,Haley Brown,leejason@example.org,847-743-5381x5533,2
10,Bryan Smith,brittany05@example.com,+1-925-238-1655x8731,2
11,Matthew Campbell,bethmartin@example.net,+1-484-393-2011x0890,3
12,Mitchell Scott,tjackson@example.net,612.216.3825x89382,3
13,Barbara Miles,hernandezralph@example.com,+1-496-490-0491,3
14,Todd Mcgrath MD,aandrews@example.org,(875)331-9672x441,3
15,Susan Washington,brendaowens@example.com,335-835-3048,3
16,Sean Spears,brenda93@example.org,615-336-9197,4
17,Kelly Brown,zobrien@example.net,9863102321,4
18,Larry Lawrence,daviscandice@example.com,001-440-546-9336x7450,4
19,Patricia Durham,xwiley@example.net,(520)879-9357x4047,4
20,Stephanie Pugh,lindsayrichardson@example.net,259-786-8912,4
21,Kenneth Leonard,sheilamoreno@example.net,+1-804-531-8587x2824,5
22,Yvonne King,qhardy@example.org,(999)308-3841x609,5
23,Caleb Phillips,brittanybutler@example.net,474.901.8232x1918,5
24,Yvonne Taylor,wphillips@example.com,+1-634-649-9378x84881,5
25,Jennifer Figueroa,ariasdaniel@example.com,6286982939,5
